ID,D0001,D0002,D0003,D0005,D0006,D0041,D0042,D0043,D0044,D0045,D0021,D0024,D0025,D0026,D0028,D0029,D0032,D0011,D0014,D0015,D0016,D0050,D0051,D0052,D0053,D0054,D0090,D0091,D0092,D0093,D0094,B0001,B0004,B0005,B0006,B0008,B0009,D0301,D0302,D0303,D0304,D0305,D0306,D0307,D0308,D0060,M0451,M0452,M0411,M0412,M0421,M0424,M0414,M0416,M0418,M0435,M0436,M0431,M0432,M0601,M0602,M0603,M0605,M0606,M0607,M0609,M0610,I0071,I0072,I0073,I0074,I0075,D0281,D0282,D0283,D0284,D0291,D0292,D0293,D0294,GID
1,0,0,0,0,0,0,0,1,0,1,0,0,0,0,1,0,1,1,0,0,0,1,1,1,1,1,1,1,1,0,0,1,1,1,0,0,0,1,1,0,0,0,1,1,1,1,0,0,1,1,0,1,0,0,0,1,1,0,0,0,0,1,1,1,1,0,0,0,1,1,1,0,0,0,1,0,1,1,1,0,Sen2022a
2,1,1,1,0,0,0,1,0,1,0,1,1,0,0,1,1,1,1,0,0,0,1,1,1,1,1,1,1,1,1,0,1,0,1,1,1,1,1,1,1,1,1,1,1,1,0,0,1,1,1,1,0,1,1,0,0,0,0,0,1,0,0,0,1,1,0,1,1,1,0,1,1,0,1,1,1,1,0,0,0,Sen2022a
3,1,0,1,1,1,1,1,0,1,1,0,0,0,1,1,1,1,1,0,0,0,1,1,1,1,1,1,1,1,1,0,1,0,0,1,0,1,1,0,1,0,1,1,1,1,1,1,0,1,1,0,1,1,0,0,0,0,1,0,0,0,0,0,1,1,1,0,0,1,0,1,1,0,0,0,0,1,0,0,0,Sen2022a
4,1,1,1,1,1,1,1,1,1,1,1,1,1,1,1,1,1,1,1,1,0,1,1,1,1,1,1,1,1,1,1,1,1,1,1,1,1,1,1,1,1,1,1,1,1,1,1,0,1,1,1,0,1,1,1,0,1,1,1,1,1,1,1,1,1,1,0,1,1,1,1,1,0,1,0,1,1,1,1,0,Sen2022a
5,1,1,1,1,1,1,1,1,1,1,1,1,1,1,1,1,0,1,0,1,1,1,1,1,1,1,1,1,1,1,1,1,0,1,1,0,0,1,1,1,0,1,0,1,1,0,0,0,1,1,0,0,1,1,0,1,1,0,0,0,1,1,0,1,0,1,1,0,0,1,1,1,0,1,0,1,1,1,1,1,Sen2022a
6,1,1,1,1,1,1,1,1,1,1,1,0,1,0,1,1,1,0,0,1,0,1,1,1,1,0,0,1,1,1,1,1,1,1,1,1,1,1,1,1,0,1,0,0,1,0,0,0,1,1,1,0,1,1,1,1,0,1,0,0,0,0,1,1,0,0,1,1,1,1,1,0,0,0,0,0,1,1,1,1,Sen2022a
7,1,1,1,1,1,1,1,0,1,0,1,0,0,0,1,1,1,1,0,1,0,1,1,0,0,1,1,0,1,1,0,1,0,1,1,1,1,1,0,1,0,1,0,1,1,1,1,0,0,0,0,1,1,1,0,1,0,1,0,0,1,1,1,1,1,1,0,0,1,1,1,1,0,0,0,0,1,1,1,1,Sen2022a
8,1,1,1,1,1,1,1,1,1,1,1,1,0,0,1,0,1,1,1,1,1,0,1,0,0,1,0,0,1,1,0,1,1,1,1,1,1,1,1,1,0,1,0,1,1,1,0,1,1,1,0,1,1,1,0,1,0,1,1,0,1,1,0,1,0,1,1,1,1,1,1,1,0,1,0,1,1,1,1,1,Sen2022a
9,1,0,0,1,1,1,1,1,1,1,1,0,1,0,1,1,1,1,0,0,0,1,1,0,0,1,0,1,1,0,1,1,1,1,1,0,1,0,0,0,0,0,0,1,1,1,0,1,1,0,0,0,1,1,0,0,1,0,0,0,0,0,0,0,1,1,0,1,1,1,1,1,0,1,0,1,1,0,0,0,Sen2022a
10,0,0,1,1,1,0,0,0,0,0,1,1,0,1,1,1,0,0,0,1,0,0,1,1,1,1,0,0,1,0,0,1,1,1,0,1,0,1,1,1,0,0,0,1,1,1,1,0,1,0,0,1,1,1,1,1,1,1,1,0,1,1,0,0,1,1,1,1,1,1,0,1,0,0,0,0,1,0,0,1,Sen2022a
11,1,1,1,1,1,1,1,0,1,0,1,1,0,0,1,1,0,1,1,0,0,1,1,0,0,1,0,0,1,0,0,1,0,1,1,1,1,1,1,0,0,0,1,0,1,1,1,0,0,1,1,0,0,0,1,1,1,1,1,0,1,1,0,1,1,1,1,1,1,1,0,1,0,0,0,0,1,1,1,1,Sen2022a
12,1,1,1,1,0,1,1,1,1,1,1,1,0,0,1,1,1,1,0,1,0,1,1,1,1,1,1,1,1,1,1,1,1,1,1,1,1,1,1,1,1,1,1,1,0,1,0,0,1,1,1,1,0,1,1,1,1,0,0,1,1,1,1,1,1,1,1,1,1,1,0,1,0,1,0,1,1,1,1,1,Sen2022a
13,1,1,1,1,1,1,1,1,1,1,1,0,0,0,1,1,1,1,0,0,0,0,0,0,0,1,1,1,1,1,0,1,1,1,1,0,0,0,1,0,0,0,0,0,0,1,0,0,0,1,0,0,0,0,0,0,0,1,0,0,0,0,0,0,0,1,0,0,1,0,0,0,0,1,0,0,1,0,0,0,Sen2022a
14,0,0,0,0,0,1,1,0,1,1,0,1,1,0,1,0,1,0,0,0,0,1,1,1,1,1,1,1,0,1,1,1,1,1,1,0,1,1,1,0,1,1,0,1,1,1,0,0,1,0,1,1,1,1,1,1,1,0,1,0,1,1,0,0,0,1,1,0,1,1,0,0,0,0,0,0,1,0,0,0,Sen2022a
15,1,0,1,1,1,0,1,1,1,0,1,0,0,0,1,0,1,1,1,1,0,0,1,0,1,0,0,0,1,0,0,1,0,0,0,1,1,1,1,0,0,1,0,1,1,1,0,1,1,1,0,0,0,1,0,1,0,1,1,0,0,1,0,0,0,0,0,0,1,0,0,0,0,0,0,0,1,0,0,0,Sen2022a
16,1,1,1,1,0,1,1,1,1,1,1,0,1,0,1,1,1,1,0,0,0,0,1,1,1,1,1,1,1,1,1,1,1,1,1,0,1,1,0,0,0,1,0,0,1,1,1,0,1,1,1,0,1,1,0,1,0,1,1,0,0,0,0,0,0,1,0,0,1,1,1,0,0,0,0,0,1,0,0,0,Sen2022a
17,1,1,1,1,1,1,1,1,1,1,1,0,1,1,1,1,1,1,1,0,0,1,1,1,1,1,0,1,1,0,1,1,1,1,1,1,1,1,1,1,0,0,0,1,1,1,0,0,1,1,0,1,1,1,1,1,0,0,1,0,0,0,0,0,1,0,1,0,1,0,1,0,0,1,0,1,1,1,1,1,Sen2022a
18,0,1,1,0,0,0,1,0,1,1,1,0,1,0,1,1,1,1,1,1,0,1,1,1,1,1,1,1,1,1,1,1,0,0,1,1,1,1,1,1,1,1,1,1,1,0,0,0,1,1,1,1,0,1,1,0,1,0,0,1,0,1,1,0,1,1,0,1,1,0,1,1,0,1,0,1,1,0,0,1,Sen2022a
19,1,0,1,0,0,0,1,0,1,0,1,0,0,0,0,1,1,0,0,0,0,0,1,0,0,0,1,1,1,0,1,1,0,1,1,0,0,0,0,0,0,1,0,1,0,1,0,0,1,0,1,1,0,0,0,1,1,0,1,1,1,1,1,1,0,0,0,0,1,1,1,0,0,0,1,0,1,1,1,0,Sen2022a
20,1,0,1,1,1,1,0,0,1,1,1,0,0,1,1,1,0,1,1,1,0,0,1,1,1,0,1,1,0,1,1,1,0,1,0,1,0,0,0,0,0,1,0,1,1,1,0,1,0,0,0,0,1,1,0,0,0,0,0,0,0,0,0,0,1,1,0,1,1,1,1,0,0,1,0,1,1,1,1,1,Sen2022a
21,1,0,1,1,1,0,1,1,1,1,0,0,1,0,1,1,1,1,0,1,0,1,1,1,1,1,0,1,1,1,0,1,1,1,1,1,1,0,0,0,0,1,0,0,0,1,1,1,1,1,0,0,1,1,0,1,0,1,1,0,0,1,0,0,1,0,0,0,0,0,0,1,0,1,0,1,0,0,0,0,Sen2022a
22,0,1,1,1,1,1,1,1,1,1,0,0,0,1,1,0,1,1,1,1,1,0,1,1,1,1,1,1,1,1,1,1,1,1,0,1,0,1,1,1,1,0,0,1,1,0,1,0,0,0,1,0,1,1,0,1,0,0,0,1,1,0,0,0,1,1,0,0,0,0,1,1,0,0,0,1,1,0,0,1,Sen2022a
23,1,1,0,0,0,1,1,0,0,0,1,0,0,1,1,0,1,0,0,0,0,0,1,0,0,1,1,0,1,0,0,1,0,1,1,1,0,0,0,0,0,0,0,1,1,1,1,0,1,1,1,1,1,1,1,1,1,0,1,1,0,0,1,0,1,1,0,0,0,1,0,0,0,1,0,0,1,0,1,0,Sen2022a
24,1,0,0,0,0,1,1,0,0,1,0,0,0,0,1,1,1,1,0,0,0,1,1,0,0,1,0,0,1,0,0,1,1,1,0,0,1,1,1,0,0,0,0,1,1,1,0,0,0,1,0,0,0,0,0,1,1,1,1,0,1,0,0,0,1,1,0,0,1,0,1,0,0,0,1,0,1,0,0,0,Sen2022a
25,0,0,1,1,1,1,1,1,1,1,1,1,0,0,1,0,0,1,1,1,0,1,1,1,0,1,1,1,1,1,0,1,1,1,1,1,1,1,1,1,0,0,0,1,1,1,1,1,1,1,1,1,1,1,1,0,1,0,1,1,1,1,1,1,1,1,0,1,1,1,1,1,0,1,0,1,1,1,1,1,Sen2022a
26,1,1,1,1,1,1,1,1,1,1,1,1,1,0,1,1,1,1,1,1,1,1,1,1,1,0,1,1,1,1,1,1,1,1,1,1,0,1,1,1,1,1,1,1,1,1,1,0,1,1,0,1,1,1,1,1,1,1,0,1,0,1,1,1,0,1,1,1,1,1,1,1,0,0,0,0,1,1,0,0,Sen2022a
27,0,1,1,1,0,0,1,1,1,1,1,0,1,0,1,1,1,1,1,1,0,0,1,0,1,1,1,1,1,1,1,1,0,1,0,1,1,1,1,1,0,1,0,1,1,1,1,1,1,1,0,1,1,1,0,1,1,0,1,1,1,1,1,1,0,1,1,1,1,0,1,1,0,0,0,0,1,0,0,0,Sen2022a
28,1,0,1,1,0,1,1,1,1,1,1,0,0,0,1,1,0,1,1,1,0,1,1,1,0,0,1,1,1,1,1,1,1,1,1,1,1,1,0,0,0,0,0,0,0,1,0,0,1,0,0,1,1,0,1,0,0,0,1,0,1,1,0,0,1,0,0,0,0,0,0,0,0,0,0,1,1,0,0,0,Sen2022a
29,1,1,1,0,0,0,1,0,1,0,0,0,0,1,0,1,0,1,0,1,0,1,1,0,1,1,1,1,1,0,1,1,0,0,1,1,1,1,0,1,0,0,0,0,0,1,1,0,0,0,0,1,0,0,0,0,1,1,1,0,0,0,0,0,1,0,0,1,1,0,1,1,0,0,0,1,1,0,0,0,Sen2022a
30,1,0,1,1,1,1,1,1,1,1,1,0,0,0,1,1,1,1,1,1,0,1,1,1,1,1,1,1,1,1,1,1,1,1,1,0,1,1,1,1,1,1,0,1,1,1,1,0,0,1,1,1,0,1,1,0,1,1,1,1,1,1,1,0,1,1,1,1,1,1,1,1,0,1,0,1,1,0,1,0,Sen2022a
31,0,0,1,1,1,1,1,1,1,1,1,0,0,0,1,1,1,1,0,0,0,1,1,1,1,1,1,1,1,0,0,1,1,1,0,1,0,1,1,1,0,1,0,1,1,0,1,0,0,0,0,1,1,1,1,1,1,1,0,0,1,1,0,0,1,0,1,1,1,0,1,0,0,0,0,0,1,1,1,1,Sen2022a
32,1,0,1,1,1,1,1,1,1,1,1,0,1,1,1,1,0,1,0,1,0,1,1,0,0,1,1,1,1,1,1,1,0,1,1,1,1,1,1,0,1,1,0,1,1,1,0,0,0,0,1,0,1,1,1,1,1,0,0,0,1,0,1,0,0,1,1,0,1,1,1,1,0,1,0,0,1,1,1,1,Sen2022a
33,0,0,1,0,0,1,1,0,1,0,1,0,1,0,1,1,1,1,1,1,0,1,1,1,0,1,1,1,1,1,1,1,1,1,0,1,1,1,0,0,0,0,0,0,0,1,0,0,0,0,0,1,1,1,0,0,0,1,0,1,1,1,0,1,0,1,0,1,1,1,1,1,0,0,0,0,1,1,1,1,Sen2022a
34,1,1,1,1,1,1,1,1,1,1,1,1,1,1,1,0,1,1,1,1,0,0,1,0,0,0,1,0,1,0,0,1,1,1,1,1,1,1,1,1,0,0,0,1,1,1,0,1,0,0,0,1,1,1,0,1,0,0,0,0,0,1,0,1,0,1,0,1,1,1,1,1,0,0,0,0,1,0,1,0,Sen2022a
35,1,0,1,1,1,1,1,1,1,1,0,1,1,1,1,1,1,1,0,1,0,1,1,1,1,0,1,1,1,0,1,1,1,1,1,1,1,1,1,1,1,1,1,1,1,1,1,0,0,1,1,0,1,1,1,1,1,0,0,0,1,0,1,0,1,1,1,1,0,1,1,0,0,1,0,1,1,1,0,0,Sen2022a
36,1,1,1,1,0,0,1,0,0,0,1,1,0,0,1,0,1,1,0,1,0,1,1,0,0,0,1,1,1,1,1,1,1,1,1,1,1,1,0,0,0,1,0,1,0,0,0,0,1,1,1,0,0,0,0,0,0,1,0,0,0,0,1,1,1,1,0,0,1,1,0,0,0,0,1,0,1,0,1,0,Sen2022a
37,1,1,1,1,0,1,1,0,1,1,1,1,0,0,1,1,0,1,1,1,0,1,1,1,1,1,1,1,1,1,1,1,1,1,1,1,1,0,1,0,1,1,0,1,0,1,0,0,1,1,0,1,1,1,1,1,1,0,0,1,1,0,0,1,0,1,1,1,0,1,1,0,0,0,0,0,1,1,1,1,Sen2022a
38,1,1,1,1,1,1,1,1,1,1,1,1,0,1,1,0,1,1,1,0,0,0,0,1,1,0,1,1,1,1,1,1,1,1,1,1,1,1,1,0,0,0,1,1,0,0,0,0,1,1,0,1,1,1,1,1,1,0,0,1,1,0,1,1,1,1,0,0,0,0,1,1,0,0,0,0,1,1,1,1,Sen2022a
39,1,1,1,1,0,1,1,0,1,0,1,1,0,0,1,1,1,1,0,0,1,0,1,1,1,0,1,0,1,1,1,1,1,1,0,0,1,0,0,0,0,1,0,1,0,0,0,0,1,1,0,0,1,1,0,1,1,0,1,0,0,1,0,1,0,1,0,0,1,0,1,0,0,1,0,0,1,0,0,0,Sen2022a
40,1,0,0,0,0,1,1,1,1,1,1,1,1,1,1,1,1,1,0,1,0,1,1,0,1,1,0,0,0,0,0,1,1,1,1,1,0,1,1,1,0,0,0,1,1,1,1,0,0,0,0,0,1,0,1,1,0,0,0,0,0,0,1,0,1,0,1,1,0,1,1,1,0,1,1,0,1,0,0,1,Sen2022a
41,1,1,0,1,1,0,1,0,0,0,1,1,0,0,1,1,0,1,1,0,0,0,1,1,1,1,1,1,1,1,0,1,1,1,1,1,0,0,1,1,0,0,0,0,1,0,0,0,0,1,0,0,1,0,0,1,1,1,0,0,1,0,0,0,1,1,0,0,1,0,0,0,0,1,0,0,1,0,0,1,Sen2022a
42,1,1,1,1,1,1,1,0,0,1,1,0,0,0,1,1,1,1,0,0,0,1,1,0,0,1,0,0,1,0,0,1,1,1,1,0,1,1,1,1,1,1,1,1,1,0,0,1,1,0,0,1,1,0,0,0,1,0,0,0,1,1,0,1,1,1,0,1,1,1,1,1,0,0,0,0,1,0,0,0,Sen2022a
43,1,1,1,1,1,0,1,0,0,0,0,0,0,0,1,0,0,1,0,1,0,1,1,1,1,1,1,1,1,0,0,1,1,1,1,1,1,0,0,1,0,0,1,1,1,1,1,0,1,0,0,1,0,1,1,1,0,0,0,0,1,0,0,1,1,1,1,1,0,0,0,1,0,1,0,1,1,1,0,0,Sen2022a
44,1,1,1,1,0,1,1,0,1,0,1,0,1,1,1,1,1,1,0,0,0,1,1,1,0,0,1,1,0,0,0,1,1,1,1,0,1,1,0,0,0,1,0,1,1,1,0,0,1,0,1,0,0,1,0,1,1,1,0,1,1,0,0,0,1,0,0,1,1,1,1,0,0,0,0,0,1,0,0,1,Sen2022a
45,0,0,1,0,0,0,1,0,0,0,0,1,0,0,1,0,0,0,0,0,0,1,1,1,1,0,0,0,1,0,0,1,0,1,1,0,1,0,1,1,1,1,0,1,0,1,1,0,0,1,1,1,0,1,0,1,1,1,0,0,1,1,1,1,0,0,0,0,1,0,1,1,0,0,0,0,1,0,1,0,Sen2022a
46,1,0,1,1,1,1,1,1,1,1,0,0,1,0,1,1,1,1,0,1,0,0,1,0,1,1,0,1,1,0,0,1,1,1,1,0,1,0,1,1,0,0,0,0,1,0,0,1,0,0,0,1,1,1,0,1,1,0,1,1,0,0,1,1,0,1,1,0,1,0,1,0,0,0,0,0,1,1,0,0,Sen2022a
47,0,0,1,0,0,0,1,1,1,1,1,0,0,0,1,0,1,0,0,1,0,0,1,1,0,1,1,1,1,1,1,1,1,0,1,1,0,0,1,0,0,0,0,0,1,0,0,0,1,0,0,0,1,0,0,1,0,0,0,0,1,0,0,1,0,0,0,0,1,0,1,0,0,0,0,0,0,0,1,0,Sen2022a
48,0,0,0,0,0,0,1,1,1,0,1,1,0,0,1,1,0,1,0,0,0,1,1,0,1,0,1,0,0,1,0,1,0,1,0,0,1,0,0,0,0,0,0,0,0,0,0,0,0,0,1,1,0,0,0,1,1,1,1,0,1,0,1,1,0,1,1,1,1,0,1,0,0,0,0,0,1,1,0,0,Sen2022a
49,0,0,0,0,0,1,1,1,0,0,0,1,1,0,1,0,0,0,0,0,0,0,0,1,1,1,0,0,1,0,0,1,0,1,1,1,1,0,1,0,0,1,0,0,0,0,0,0,1,0,1,0,1,1,0,1,1,0,1,1,1,0,1,0,1,0,1,1,0,0,1,0,0,0,0,0,1,0,0,0,Sen2022a
50,0,1,1,1,1,1,1,1,1,1,1,1,1,1,1,1,1,1,1,1,0,1,1,1,1,1,1,1,1,1,1,1,1,1,1,1,1,1,1,1,1,1,1,1,1,1,1,0,0,1,0,1,1,1,1,1,1,1,0,1,0,1,1,0,1,1,1,1,1,1,1,1,0,0,1,1,1,0,0,0,Sen2022a
51,1,0,1,1,0,1,1,1,1,1,1,1,0,0,1,1,1,1,1,1,1,0,1,1,1,0,0,0,1,1,1,1,1,1,1,1,1,1,1,1,0,1,1,1,1,1,0,1,1,0,0,1,1,1,1,1,1,1,0,0,1,0,1,1,0,1,0,0,1,1,1,1,0,1,0,0,1,1,1,0,Sen2022a
52,1,1,1,1,1,1,1,1,1,1,1,1,0,1,1,1,1,1,0,0,0,1,1,1,1,1,1,1,1,1,1,1,1,1,1,1,0,1,0,1,0,1,0,1,1,1,1,1,0,1,1,0,1,1,1,1,1,0,1,0,1,0,1,0,0,1,0,0,0,1,1,1,0,0,0,0,1,0,0,1,Sen2022a
53,1,0,1,1,1,0,1,1,1,0,1,1,1,0,1,1,0,1,0,1,1,0,1,1,0,0,1,1,1,0,1,1,1,1,1,1,0,1,1,0,0,0,0,1,1,1,0,0,0,0,0,1,1,1,1,1,1,0,0,0,1,0,0,1,0,0,0,0,1,0,1,0,0,0,0,0,1,1,0,0,Sen2022a
54,1,0,1,1,0,1,1,1,1,1,1,1,0,0,1,0,1,1,1,1,0,1,1,1,1,0,0,0,1,0,1,1,1,1,1,1,1,1,1,1,1,1,1,1,1,0,0,0,1,1,0,1,0,1,1,1,1,0,1,0,1,1,1,1,0,1,0,1,1,1,1,1,0,1,0,0,1,0,0,0,Sen2022a
55,1,0,1,0,0,1,1,1,1,1,1,1,1,0,1,1,0,1,0,0,0,1,1,1,0,1,1,1,1,1,0,1,1,1,1,1,1,1,1,1,1,1,1,0,1,1,1,1,1,1,0,0,1,1,1,1,1,1,1,1,0,1,1,0,0,1,1,0,1,1,1,0,0,1,0,0,1,0,0,1,Sen2022a
56,1,1,1,1,1,1,1,0,1,0,1,1,0,0,1,1,1,1,0,0,0,1,1,1,0,0,1,1,1,1,1,1,1,1,1,1,1,1,1,0,1,1,1,1,1,1,0,1,1,0,0,1,1,0,1,1,1,0,0,1,0,1,0,1,1,1,1,0,1,1,1,1,0,1,0,0,1,1,1,1,Sen2022a
57,1,1,1,0,0,0,1,0,1,1,1,1,0,0,1,1,0,1,1,1,0,1,1,0,0,1,1,0,1,1,1,1,0,1,1,1,1,1,0,1,0,0,0,1,0,0,0,0,1,0,0,1,1,0,1,1,1,0,1,1,0,1,0,0,0,0,1,1,1,0,1,0,0,1,0,1,1,1,1,1,Sen2022a
58,1,0,1,1,1,1,1,1,1,1,1,1,0,1,1,1,1,1,0,1,0,1,1,1,1,1,1,1,1,1,1,1,1,1,1,1,0,1,1,1,1,1,1,1,1,1,1,0,1,1,0,0,1,1,1,1,1,1,1,1,0,1,1,1,0,1,1,1,0,1,1,0,0,1,0,1,1,1,1,1,Sen2022a
59,0,1,1,1,1,1,1,1,1,1,1,1,0,0,1,1,0,1,0,1,0,1,0,0,1,0,1,1,1,0,0,1,1,0,1,1,0,1,0,0,1,1,0,1,1,0,0,0,1,0,0,0,1,0,0,1,0,0,0,0,1,0,0,1,0,0,0,0,0,0,0,0,0,1,0,0,1,0,0,0,Sen2022a
60,1,1,1,1,0,0,1,0,1,1,1,0,0,1,0,1,0,1,1,1,0,0,1,1,0,1,1,0,1,0,1,1,0,1,1,1,1,0,0,0,0,1,0,0,1,1,0,0,0,1,1,1,0,1,1,0,1,1,1,1,0,1,0,0,0,1,0,0,1,0,0,0,0,0,0,0,1,0,0,0,Sen2022a
61,1,1,1,1,0,1,1,1,1,1,1,1,1,1,1,0,1,1,1,1,0,0,1,1,1,1,1,1,1,1,1,1,1,1,1,1,1,1,0,0,0,0,0,1,1,1,0,0,0,0,1,1,1,1,1,1,1,0,1,0,0,1,1,0,1,0,0,0,1,1,1,1,0,1,0,0,1,1,1,1,Sen2022a
62,1,1,1,1,1,1,0,1,0,1,1,1,0,0,1,0,1,1,1,1,0,1,1,1,1,1,1,0,1,1,1,1,1,1,1,1,1,1,1,0,0,0,0,0,1,1,1,0,1,1,0,0,1,1,0,1,1,0,0,1,1,1,0,1,1,1,0,1,1,1,1,1,0,1,0,1,1,1,1,1,Sen2022a
63,1,0,1,1,1,0,1,1,1,1,1,0,1,0,1,1,0,1,1,0,0,0,1,1,0,1,1,1,1,1,1,1,1,1,0,1,1,1,1,0,0,1,0,1,0,1,0,0,1,0,0,0,1,0,0,1,0,0,0,0,1,0,0,1,0,0,0,1,0,0,1,1,0,0,0,0,0,1,0,0,Sen2022a
64,0,1,1,1,0,1,1,0,0,1,1,1,1,0,1,1,0,1,0,0,0,0,1,0,0,1,0,1,1,1,0,1,0,1,0,0,1,0,1,0,0,0,0,1,1,1,0,0,1,0,0,0,0,0,0,1,1,1,1,0,1,0,0,0,0,0,0,0,1,1,1,1,0,0,0,0,1,1,0,0,Sen2022a
65,1,1,1,1,1,1,1,1,1,1,1,1,0,0,1,1,1,1,1,0,0,0,1,0,0,1,1,1,1,0,0,1,1,1,1,1,0,1,1,1,0,1,1,1,1,1,1,1,1,1,0,0,1,0,0,1,0,0,0,0,0,1,0,0,0,0,0,1,1,0,0,1,0,1,0,0,1,1,1,1,Sen2022a
66,1,1,1,1,1,0,1,1,1,1,1,0,1,0,1,1,1,1,0,1,0,1,0,1,0,1,1,1,1,1,1,0,1,1,1,0,1,0,0,0,0,0,0,1,1,1,1,1,0,1,0,0,1,1,1,1,1,0,0,0,0,0,0,1,0,0,1,1,0,0,1,0,0,1,0,0,1,0,1,0,Sen2022a
67,1,0,1,1,1,1,1,1,1,1,1,1,0,0,1,1,1,1,1,1,1,1,1,1,1,1,1,1,0,0,1,1,1,1,1,1,1,1,1,1,1,1,1,1,1,1,1,1,1,1,0,1,0,1,1,1,1,0,0,0,0,1,1,1,1,1,0,1,1,1,1,1,0,1,0,1,1,1,1,1,Sen2022a
68,1,1,0,1,0,0,1,1,1,1,1,0,1,0,1,0,0,1,1,0,0,0,0,0,0,1,1,1,1,0,1,1,0,0,1,1,1,0,1,0,0,1,0,1,0,1,1,0,1,0,0,0,1,0,0,1,0,0,0,0,1,0,0,1,0,0,1,1,1,0,0,0,0,0,0,0,1,0,0,0,Sen2022a
69,1,1,1,1,1,1,1,0,1,0,1,1,0,1,1,1,1,1,1,0,0,0,1,1,1,1,1,1,1,1,0,1,0,1,1,1,1,0,0,0,0,0,0,0,1,0,0,0,1,1,0,1,1,1,0,1,1,0,1,0,0,0,0,0,0,0,1,1,1,1,1,1,0,1,0,1,1,1,1,1,Sen2022a
70,1,1,1,1,1,1,1,1,1,1,1,1,0,1,1,1,1,1,0,1,1,1,1,1,1,0,1,1,1,1,1,1,1,1,1,1,1,1,1,0,0,1,1,1,1,1,0,0,1,0,0,1,1,1,1,1,1,0,0,0,1,1,1,0,0,0,1,0,1,1,1,0,0,1,0,0,1,0,0,1,Sen2022a
71,1,1,1,1,1,1,1,1,1,1,1,1,1,0,1,1,0,1,1,1,0,0,0,0,1,1,1,1,1,1,1,1,1,1,1,0,1,0,1,1,1,1,1,0,0,1,0,0,0,1,1,0,1,1,1,1,1,0,0,0,0,0,1,0,1,1,1,1,1,1,1,1,0,0,0,0,1,1,1,1,Sen2022a
72,1,1,1,1,0,1,1,1,1,1,1,0,1,1,1,1,0,1,1,1,0,0,0,1,0,1,1,0,1,1,0,1,1,1,1,1,1,0,1,0,0,1,0,1,1,1,0,1,0,0,0,1,1,0,0,0,0,1,1,0,0,0,0,1,0,1,1,1,1,1,1,1,0,1,0,1,1,0,0,0,Sen2022a
73,1,0,1,1,1,0,1,0,1,1,1,0,0,0,1,1,1,1,1,0,0,1,1,0,0,1,1,1,1,1,1,1,1,1,1,1,1,1,1,1,0,1,1,1,1,0,0,0,0,0,0,0,0,1,0,1,1,1,0,1,1,0,0,0,1,0,1,1,0,1,1,0,0,1,0,1,1,0,0,0,Sen2022a
74,1,0,1,1,1,1,1,1,1,1,1,1,1,0,1,1,1,1,0,1,0,1,1,1,1,0,1,0,1,1,1,1,1,1,1,1,1,1,1,1,1,1,1,1,1,1,0,1,1,1,0,0,1,1,1,1,1,1,1,0,0,0,1,1,0,1,0,0,0,1,1,1,0,1,0,1,1,1,1,1,Sen2022a
75,1,0,1,1,1,1,1,1,1,1,1,1,0,0,1,0,1,1,0,0,1,1,1,1,0,1,1,0,1,0,0,1,1,1,1,1,0,1,1,1,0,0,1,1,1,1,1,1,0,1,0,0,1,0,0,1,0,0,0,0,0,0,1,1,1,0,1,0,1,0,1,1,0,1,0,1,1,0,0,1,Sen2022a
76,1,0,1,1,1,1,1,1,1,1,1,1,0,0,1,1,1,1,0,0,0,1,1,1,0,1,1,1,1,1,0,1,1,1,0,0,1,1,1,1,0,0,0,1,1,1,0,0,0,0,0,1,1,1,1,1,1,0,0,1,0,0,0,1,1,1,1,0,1,0,1,1,0,1,0,1,1,1,1,1,Sen2022a
77,1,0,1,1,1,1,0,1,1,1,0,1,0,1,1,0,1,1,0,0,0,0,1,0,0,1,1,0,0,1,0,1,0,1,1,0,0,1,0,1,0,0,0,1,0,1,1,0,0,1,0,0,1,1,0,1,1,1,1,0,0,1,0,0,1,0,0,1,1,1,1,1,0,1,0,1,1,1,1,1,Sen2022a
78,1,1,1,1,1,1,1,1,1,1,1,1,0,0,1,1,0,1,0,1,0,0,1,0,0,1,1,1,1,1,1,1,1,1,1,1,1,1,1,1,0,0,0,0,1,1,0,0,1,0,0,0,1,0,0,1,0,0,0,0,1,0,0,1,0,0,0,1,1,0,1,1,0,1,0,1,1,1,1,1,Sen2022a
79,1,1,1,1,1,1,1,1,1,1,1,1,0,0,1,0,1,1,0,0,0,0,1,1,0,0,1,1,1,1,1,1,0,0,1,1,0,0,0,0,0,0,0,0,1,0,1,0,1,1,0,0,1,1,1,1,0,1,0,0,0,1,1,1,0,1,0,1,1,1,1,0,0,1,0,1,1,1,1,1,Sen2022a
80,0,0,1,1,0,0,1,0,1,0,1,1,0,0,1,1,1,1,1,1,0,1,1,1,1,1,1,0,1,0,0,1,1,1,1,1,1,1,1,0,0,1,0,1,1,1,1,0,0,1,0,0,0,1,0,1,1,1,1,0,1,1,0,0,1,0,1,0,1,0,0,0,0,0,1,0,1,0,0,0,Sen2022a
81,1,0,1,0,0,0,1,0,1,1,1,1,0,0,1,0,0,1,0,0,0,1,1,1,1,1,1,1,1,1,1,1,1,1,1,1,1,1,0,0,0,1,0,1,1,0,1,0,1,0,1,0,1,1,1,0,0,0,1,1,1,1,0,1,1,1,0,1,0,1,0,0,1,0,0,1,1,1,1,1,Sen2022a
82,1,1,1,1,1,1,1,1,1,1,1,1,0,1,1,1,0,1,1,1,0,1,1,1,1,1,1,1,1,1,1,1,0,1,1,0,0,0,0,1,1,1,0,1,1,1,1,0,1,0,0,0,1,1,0,1,1,0,0,0,0,0,0,0,1,0,0,1,0,0,0,1,0,1,0,1,1,1,1,1,Sen2022a
